,net,trees,admix,src_node,dest_node,pos_as_prop,pos_as_prop_rand,gamma,plot_admix
0,snaq-true-ne-unlinked-imb-67-snaq-p548876.snaq.net-1.networks,"(r1:1,((r3:1,((r5:1,r4:1):0.0124088740249,(r6:1,r7:9.54491555593):0.143268627645):0.0126415350532):0.146988870968,r2:2):0.154722103491,r0:1);","[(['r2'], ['r7'], 0.5, {}, '0.00868')]",['r2'],['r7'],0.5,0.523985121305258,0.00868,"(['r2'], ['r7'], 0.523985121305258, {'stroke': array((0.33867294, 0.34860863, 0.65367529, 1.),
      dtype=[('r', '<f8'), ('g', '<f8'), ('b', '<f8'), ('a', '<f8')]), 'stroke-opacity': 0.01736, 'stroke-width': 2})"
1,snaq-true-ne-unlinked-imb-81-snaq-p548876.snaq.net-1.networks,"((r2:1,(r3:1,((r5:1,(r6:1,r7:1):0.13105126052):0.0095654707601,r4:1.14017013168):0.0177790862719):0.14436901823):0.164834794639,r0:1,r1:2);","[(['r1'], ['r4'], 0.5, {}, '0.0469')]",['r1'],['r4'],0.5,0.30092794793926536,0.0469,"(['r1'], ['r4'], 0.30092794793926536, {'stroke': array((0.20677647, 0.51947451, 0.73461176, 1.),
      dtype=[('r', '<f8'), ('g', '<f8'), ('b', '<f8'), ('a', '<f8')]), 'stroke-opacity': 0.0938, 'stroke-width': 2})"
2,snaq-true-ne-unlinked-imb-15-snaq-p548876.snaq.net-1.networks,"((r2:1,(r3:1,(r4:1,(r5:1,(r6:1,r7:1):1.13220099963):0.00428727023664):0.0102712191834):0.139171466499):0.162806169699,r0:1,r1:1.12037567518);","[(['r6', 'r7'], ['r1'], 0.5, {}, '0.0228')]","['r6', 'r7']",['r1'],0.5,0.7989255175086858,0.0228,"(['r6', 'r7'], ['r1'], 0.7989255175086858, {'stroke': array((0.2899451, 0.41173333, 0.68357647, 1.),
      dtype=[('r', '<f8'), ('g', '<f8'), ('b', '<f8'), ('a', '<f8')]), 'stroke-opacity': 0.0456, 'stroke-width': 2})"
3,snaq-true-ne-unlinked-imb-46-snaq-p548876.snaq.net-1.networks,"((r2:1,(r3:1,((r5:1,r4:1):0.00741660978876,(r7:1,r6:5.6939159634):0.145549246524):0.0128670636093):0.131449605606):0.151299791216,r0:1,r1:2);","[(['r1'], ['r6'], 0.5, {}, '0.00438')]",['r1'],['r6'],0.5,0.707175407233885,0.00438,"(['r1'], ['r6'], 0.707175407233885, {'stroke': array((0.35351216, 0.3293851, 0.64456941, 1.),
      dtype=[('r', '<f8'), ('g', '<f8'), ('b', '<f8'), ('a', '<f8')]), 'stroke-opacity': 0.00876, 'stroke-width': 2})"
4,snaq-true-ne-unlinked-imb-73-snaq-p548876.snaq.net-1.networks,"(r1:1,((r3:1,(r4:1,(r5:1,(r6:1,r7:1):0.153316520233):0.00773371090067):0.0135399534842):0.14863959572,r2:1.18268098778):0.140875757068,r0:1);","[(['r6', 'r7'], ['r2'], 0.5, {}, '0.0464')]","['r6', 'r7']",['r2'],0.5,0.19071697049644099,0.0464,"(['r6', 'r7'], ['r2'], 0.19071697049644099, {'stroke': array((0.20850196, 0.51723922, 0.73355294, 1.),
      dtype=[('r', '<f8'), ('g', '<f8'), ('b', '<f8'), ('a', '<f8')]), 'stroke-opacity': 0.0928, 'stroke-width': 2})"
5,snaq-true-ne-unlinked-imb-59-snaq-p548876.snaq.net-1.networks,"((r5:1,(r7:1,r6:1.01539887128):0.167307623358):0.0201691333671,r4:1,(r3:1,(r2:1,(r0:1,r1:1):0.127684309613):0.127003284889):0.0235185027616);","[(['r3', 'r2', 'r0', 'r1'], ['r6'], 0.5, {}, '0.093')]","['r3', 'r2', 'r0', 'r1']",['r6'],0.5,0.4926075918523938,0.093,"(['r3', 'r2', 'r0', 'r1'], ['r6'], 0.4926075918523938, {'stroke': array((0.37145098, 0.72894118, 0.66023529, 1.),
      dtype=[('r', '<f8'), ('g', '<f8'), ('b', '<f8'), ('a', '<f8')]), 'stroke-opacity': 0.186, 'stroke-width': 2})"
6,snaq-true-ne-unlinked-imb-40-snaq-p548876.snaq.net-1.networks,"(r1:1,(r2:1,((r4:1,r5:1.02316957861):0.0310319806791,(r3:1,(r7:1,r6:1):0.304085143409):0.0121100347756):0.137100619984):0.158648482446,r0:1);","[(['r7', 'r6'], ['r5'], 0.5, {}, '0.4')]","['r7', 'r6']",['r5'],0.5,0.5491789850041613,0.4,"(['r7', 'r6'], ['r5'], 0.5491789850041613, {'stroke': array((0.95686275, 0.42745098, 0.2627451, 1.),
      dtype=[('r', '<f8'), ('g', '<f8'), ('b', '<f8'), ('a', '<f8')]), 'stroke-opacity': 0.8, 'stroke-width': 2})"
7,snaq-true-ne-unlinked-imb-72-snaq-p548876.snaq.net-1.networks,"(r1:1,((r3:1,(r5:1,(r4:1,(r7:1,r6:1.967723819):0.164892700677):0.000537511458403):0.00572301419689):0.163471416211,r2:2):0.140897876055,r0:1);","[(['r2'], ['r6'], 0.5, {}, '0.013')]",['r2'],['r6'],0.5,0.8902020518316391,0.013,"(['r2'], ['r6'], 0.8902020518316391, {'stroke': array((0.32376471, 0.36792157, 0.66282353, 1.),
      dtype=[('r', '<f8'), ('g', '<f8'), ('b', '<f8'), ('a', '<f8')]), 'stroke-opacity': 0.026, 'stroke-width': 2})"
8,snaq-true-ne-unlinked-imb-33-snaq-p548876.snaq.net-1.networks,"((r5:1,(r7:1,r6:1.00725500289):0.15918799911):0.0207187337059,r3:1,(r4:1,(r2:1,(r0:1,r1:1):0.152604170194):0.134530148549):0.00196305317047);","[(['r4', 'r2', 'r0', 'r1'], ['r6'], 0.5, {}, '0.0988')]","['r4', 'r2', 'r0', 'r1']",['r6'],0.5,0.8028387551680876,0.0988,"(['r4', 'r2', 'r0', 'r1'], ['r6'], 0.8028387551680876, {'stroke': array((0.39510588, 0.75532549, 0.64931765, 1.),
      dtype=[('r', '<f8'), ('g', '<f8'), ('b', '<f8'), ('a', '<f8')]), 'stroke-opacity': 0.1976, 'stroke-width': 2})"
9,snaq-true-ne-unlinked-imb-37-snaq-p548876.snaq.net-1.networks,"(r1:1,((r4:1,((r5:1,r3:2):0.00182117720236,(r6:1,r7:1):0.135946133517):0.00716004563606):0.14748668716,r2:1.12690704477):0.143354068417,r0:1);","[(['r3'], ['r2'], 0.5, {}, '0.0782')]",['r3'],['r2'],0.5,0.5009028203809431,0.0782,"(['r3'], ['r2'], 0.5009028203809431, {'stroke': array((0.3110902, 0.66161569, 0.68809412, 1.),
      dtype=[('r', '<f8'), ('g', '<f8'), ('b', '<f8'), ('a', '<f8')]), 'stroke-opacity': 0.1564, 'stroke-width': 2})"
10,snaq-true-ne-unlinked-imb-26-snaq-p548876.snaq.net-1.networks,"((r2:1,(r3:1,((r5:1,r4:1):0.00501515116303,(r6:1,r7:1):0.145837786715):1.02630522816):0.145404056695):0.180600323398,r1:1,r0:1.31140373962);","[(['r5', 'r4', 'r6', 'r7'], ['r0'], 0.5, {}, '0.0398')]","['r5', 'r4', 'r6', 'r7']",['r0'],0.5,0.02464181705500257,0.0398,"(['r5', 'r4', 'r6', 'r7'], ['r0'], 0.02464181705500257, {'stroke': array((0.23127843, 0.48773333, 0.71957647, 1.),
      dtype=[('r', '<f8'), ('g', '<f8'), ('b', '<f8'), ('a', '<f8')]), 'stroke-opacity': 0.0796, 'stroke-width': 2})"
11,snaq-true-ne-unlinked-imb-41-snaq-p548876.snaq.net-1.networks,"(r1:1,(r2:1,((r4:1,(r5:1,(r6:1,r7:7.04028981277):0.136408360358):0.00879424470729):0.0105471652282,r3:2):0.128568475791):0.139162998258,r0:1);","[(['r3'], ['r7'], 0.5, {}, '0.0138')]",['r3'],['r7'],0.5,0.7377881549079556,0.0138,"(['r3'], ['r7'], 0.7377881549079556, {'stroke': array((0.32100392, 0.37149804, 0.66451765, 1.),
      dtype=[('r', '<f8'), ('g', '<f8'), ('b', '<f8'), ('a', '<f8')]), 'stroke-opacity': 0.0276, 'stroke-width': 2})"
12,snaq-true-ne-unlinked-imb-1-snaq-p548876.snaq.net-1.networks,"((r4:1,(r5:1,(r3:1,((r1:1,r0:1):0.145750705501,r2:1.25854144878):0.155810463987):0.00384776459322):0.00390346973098):0.156216293352,r6:1,r7:2);","[(['r7'], ['r2'], 0.5, {}, '0.0311')]",['r7'],['r2'],0.5,0.8204376627525364,0.0311,"(['r7'], ['r2'], 0.8204376627525364, {'stroke': array((0.26130196, 0.44883922, 0.70115294, 1.),
      dtype=[('r', '<f8'), ('g', '<f8'), ('b', '<f8'), ('a', '<f8')]), 'stroke-opacity': 0.0622, 'stroke-width': 2})"
13,snaq-true-ne-unlinked-imb-38-snaq-p548876.snaq.net-1.networks,"((r2:1,(r3:1,(r4:1,(r5:1,(r7:1,r6:1.22932504393):0.14218639553):0.0146371820622):0.00835885703146):0.146746914076):0.15816239546,r1:1,r0:2);","[(['r0'], ['r6'], 0.5, {}, '0.0386')]",['r0'],['r6'],0.5,0.7674523445003125,0.0386,"(['r0'], ['r6'], 0.7674523445003125, {'stroke': array((0.23541961, 0.48236863, 0.71703529, 1.),
      dtype=[('r', '<f8'), ('g', '<f8'), ('b', '<f8'), ('a', '<f8')]), 'stroke-opacity': 0.0772, 'stroke-width': 2})"
14,snaq-true-ne-unlinked-imb-68-snaq-p548876.snaq.net-1.networks,"((r5:1,(r7:1,r6:2):0.142638382581):0.00666465809501,(r4:1,(r2:1,(r0:1,r1:1.68731529409):0.166996188809):0.13196592724):0.0034285680651,r3:1);","[(['r6'], ['r1'], 0.5, {}, '0.018')]",['r6'],['r1'],0.5,0.1452888429223813,0.018,"(['r6'], ['r1'], 0.1452888429223813, {'stroke': array((0.3065098, 0.39027451, 0.67341176, 1.),
      dtype=[('r', '<f8'), ('g', '<f8'), ('b', '<f8'), ('a', '<f8')]), 'stroke-opacity': 0.036, 'stroke-width': 2})"
15,snaq-true-ne-unlinked-imb-44-snaq-p548876.snaq.net-1.networks,"(r1:1,(r2:1,(r3:1,(r4:1,(r5:1,(r6:1,r7:1):0.0300074561448):0.0238673459778):0.0201345262204):0.151007019807):0.138689733476,r0:1);","[(['r6', 'r7'], ['r3', 'r4', 'r5', 'r6', 'r7'], 0.5, {}, '0.447')]","['r6', 'r7']","['r3', 'r4', 'r5', 'r6', 'r7']",0.5,0.8162532526302064,0.447,"(['r6', 'r7'], ['r3', 'r4', 'r5', 'r6', 'r7'], 0.8162532526302064, {'stroke': array((0.84258824, 0.25419608, 0.30698039, 1.),
      dtype=[('r', '<f8'), ('g', '<f8'), ('b', '<f8'), ('a', '<f8')]), 'stroke-opacity': 0.894, 'stroke-width': 2})"
16,snaq-true-ne-unlinked-imb-31-snaq-p548876.snaq.net-1.networks,"((r3:1,((r6:1,r7:1):0.143409697106,(r5:1,r4:2.29813210039):0.00565613194845):0.00254346345696):0.15639222442,r2:1,(r1:1,r0:1):0.15679338703);","[(['r1', 'r0'], ['r4'], 0.5, {}, '0.0172')]","['r1', 'r0']",['r4'],0.5,0.6692085422977767,0.0172,"(['r1', 'r0'], ['r4'], 0.6692085422977767, {'stroke': array((0.30927059, 0.38669804, 0.67171765, 1.),
      dtype=[('r', '<f8'), ('g', '<f8'), ('b', '<f8'), ('a', '<f8')]), 'stroke-opacity': 0.0344, 'stroke-width': 2})"
17,snaq-true-ne-unlinked-imb-16-snaq-p548876.snaq.net-1.networks,"((r1:1,r0:1.36252912173):0.156669631672,(r3:1,(r4:1,((r6:1,r7:1):0.134400037662,r5:2):0.00633550990379):0.0125359221591):0.135324133484,r2:1);","[(['r5'], ['r0'], 0.5, {}, '0.0266')]",['r5'],['r0'],0.5,0.8958310242202122,0.0266,"(['r5'], ['r0'], 0.8958310242202122, {'stroke': array((0.27683137, 0.42872157, 0.69162353, 1.),
      dtype=[('r', '<f8'), ('g', '<f8'), ('b', '<f8'), ('a', '<f8')]), 'stroke-opacity': 0.0532, 'stroke-width': 2})"
18,snaq-true-ne-unlinked-imb-94-snaq-p548876.snaq.net-1.networks,"(r1:1,(r2:1,((r4:1,r5:1.02509066303):0.0187908113336,(r3:1,(r6:1,r7:1):1.15004141251):0.00930555426608):0.121510053482):0.154807536394,r0:1);","[(['r6', 'r7'], ['r5'], 0.5, {}, '0.44')]","['r6', 'r7']",['r5'],0.5,0.6552579049194093,0.44,"(['r6', 'r7'], ['r5'], 0.6552579049194093, {'stroke': array((0.85960784, 0.28, 0.30039216, 1.),
      dtype=[('r', '<f8'), ('g', '<f8'), ('b', '<f8'), ('a', '<f8')]), 'stroke-opacity': 0.88, 'stroke-width': 2})"
19,snaq-true-ne-unlinked-imb-24-snaq-p548876.snaq.net-1.networks,"((r2:1,(r4:1,((r5:1,r3:2):0.00249317437796,(r6:1,r7:1):0.153914205424):0.00276274362242):0.138658932014):0.166908430397,r1:1,r0:1.50759267206);","[(['r3'], ['r0'], 0.5, {}, '0.0172')]",['r3'],['r0'],0.5,0.6313184233827083,0.0172,"(['r3'], ['r0'], 0.6313184233827083, {'stroke': array((0.30927059, 0.38669804, 0.67171765, 1.),
      dtype=[('r', '<f8'), ('g', '<f8'), ('b', '<f8'), ('a', '<f8')]), 'stroke-opacity': 0.0344, 'stroke-width': 2})"
20,snaq-true-ne-unlinked-imb-98-snaq-p548876.snaq.net-1.networks,"((r2:1,(r3:1,((r5:1,(r6:1,r7:1):0.146341244173):0.00299103582691,r4:1.21188683158):0.00200735077212):0.157328382963):0.171957980214,r0:1,r1:2);","[(['r1'], ['r4'], 0.5, {}, '0.0582')]",['r1'],['r4'],0.5,0.20008494426256995,0.0582,"(['r1'], ['r4'], 0.20008494426256995, {'stroke': array((0.22952157, 0.57063529, 0.72574118, 1.),
      dtype=[('r', '<f8'), ('g', '<f8'), ('b', '<f8'), ('a', '<f8')]), 'stroke-opacity': 0.1164, 'stroke-width': 2})"
21,snaq-true-ne-unlinked-imb-18-snaq-p548876.snaq.net-1.networks,"((r2:1,(r3:1,(r4:1,(r5:1,(r7:1,r6:2):0.159429039253):0.00968618788312):0.00582056193197):0.143532573953):0.145173948175,r1:1,r0:1.33096108914);","[(['r6'], ['r0'], 0.5, {}, '0.0241')]",['r6'],['r0'],0.5,0.5898280649915487,0.0241,"(['r6'], ['r0'], 0.5898280649915487, {'stroke': array((0.28545882, 0.4175451, 0.68632941, 1.),
      dtype=[('r', '<f8'), ('g', '<f8'), ('b', '<f8'), ('a', '<f8')]), 'stroke-opacity': 0.0482, 'stroke-width': 2})"
22,snaq-true-ne-unlinked-imb-96-snaq-p548876.snaq.net-1.networks,"((r4:1,(r5:1,(r7:1,r6:1):0.140859212463):0.00894541221141):0.00681559866039,(r2:1,(r1:1,r0:6.87311267741):0.139462358413):0.14560456319,r3:1);","[(['r5', 'r7', 'r6'], ['r0'], 0.5, {}, '0.00665')]","['r5', 'r7', 'r6']",['r0'],0.5,0.284809917817871,0.00665,"(['r5', 'r7', 'r6'], ['r0'], 0.284809917817871, {'stroke': array((0.34567843, 0.33953333, 0.64937647, 1.),
      dtype=[('r', '<f8'), ('g', '<f8'), ('b', '<f8'), ('a', '<f8')]), 'stroke-opacity': 0.0133, 'stroke-width': 2})"
23,snaq-true-ne-unlinked-imb-82-snaq-p548876.snaq.net-1.networks,"((r0:1,r1:1.28974690237):0.14277125633,((r4:1,(r5:1,(r6:1,r7:1):0.138192786906):0.00304211995579):0,r3:2):0.162514765968,r2:1);","[(['r3'], ['r1'], 0.5, {}, '0.0425')]",['r3'],['r1'],0.5,0.7888997534129525,0.0425,"(['r3'], ['r1'], 0.7888997534129525, {'stroke': array((0.22196078, 0.49980392, 0.72529412, 1.),
      dtype=[('r', '<f8'), ('g', '<f8'), ('b', '<f8'), ('a', '<f8')]), 'stroke-opacity': 0.085, 'stroke-width': 2})"
24,snaq-true-ne-unlinked-imb-74-snaq-p548876.snaq.net-1.networks,"((r2:1,((r3:1,(r6:1,r7:1):0.14123207786):0.00830543984072,(r4:1,r5:1.08407119195):0.00231836960552):0.144631632277):0.192896272989,r0:1,r1:2);","[(['r1'], ['r5'], 0.5, {}, '0.0975')]",['r1'],['r5'],0.5,0.6404487365658058,0.0975,"(['r1'], ['r5'], 0.6404487365658058, {'stroke': array((0.38980392, 0.74941176, 0.65176471, 1.),
      dtype=[('r', '<f8'), ('g', '<f8'), ('b', '<f8'), ('a', '<f8')]), 'stroke-opacity': 0.195, 'stroke-width': 2})"
25,snaq-true-ne-unlinked-imb-48-snaq-p548876.snaq.net-1.networks,"(r1:1,(r2:1,(((r5:1,(r6:1,r7:1):0.142994332658):0.0066586693578,r4:1.09470693414):0.023587418208,r3:2):0.118167837322):0.163280379842,r0:1);","[(['r3'], ['r4'], 0.5, {}, '0.207')]",['r3'],['r4'],0.5,0.7809941008680235,0.207,"(['r3'], ['r4'], 0.7809941008680235, {'stroke': array((0.91568627, 0.96627451, 0.6174902, 1.),
      dtype=[('r', '<f8'), ('g', '<f8'), ('b', '<f8'), ('a', '<f8')]), 'stroke-opacity': 0.414, 'stroke-width': 2})"
26,snaq-true-ne-unlinked-imb-28-snaq-p548876.snaq.net-1.networks,"((r2:1,((r4:1,(r5:1,(r6:1,r7:1):0.144874700235):0.00483882245846):0.00746055450964,r3:1.05500834611):0.15456836704):0.173172512714,r0:1,r1:2);","[(['r1'], ['r3'], 0.5, {}, '0.12')]",['r1'],['r3'],0.5,0.8685146657873737,0.12,"(['r1'], ['r3'], 0.8685146657873737, {'stroke': array((0.50823529, 0.80313725, 0.6454902, 1.),
      dtype=[('r', '<f8'), ('g', '<f8'), ('b', '<f8'), ('a', '<f8')]), 'stroke-opacity': 0.24, 'stroke-width': 2})"
27,snaq-true-ne-unlinked-imb-97-snaq-p548876.snaq.net-1.networks,"(r1:1,(r2:1,((r4:1,(r5:1,(r6:1,r7:2):0.230345772083):0.018393259404):0.02364763803,r3:1.00766865437):0.120278269125):0.154413278549,r0:1);","[(['r7'], ['r3'], 0.5, {}, '0.282')]",['r7'],['r3'],0.5,0.6752048472011284,0.282,"(['r7'], ['r3'], 0.6752048472011284, {'stroke': array((0.9974902, 0.92219608, 0.6185098, 1.),
      dtype=[('r', '<f8'), ('g', '<f8'), ('b', '<f8'), ('a', '<f8')]), 'stroke-opacity': 0.564, 'stroke-width': 2})"
28,snaq-true-ne-unlinked-imb-36-snaq-p548876.snaq.net-1.networks,"((r2:1,(r3:1,((r6:1,r7:1):0.142246424647,(r5:1,r4:2):0.00514381019974):0.0155222164396):0.149596113512):0.154680909991,r0:1,r1:1.36596853735);","[(['r4'], ['r1'], 0.5, {}, '0.0277')]",['r4'],['r1'],0.5,0.6895026724348572,0.0277,"(['r4'], ['r1'], 0.6895026724348572, {'stroke': array((0.27303529, 0.43363922, 0.69395294, 1.),
      dtype=[('r', '<f8'), ('g', '<f8'), ('b', '<f8'), ('a', '<f8')]), 'stroke-opacity': 0.0554, 'stroke-width': 2})"
29,snaq-true-ne-unlinked-imb-50-snaq-p548876.snaq.net-1.networks,"(r1:1,((r3:1,((r6:1,r7:1):0.154664344612,(r5:1,r4:2):0.0105822206954):0.00424847372193):0.146095879125,r2:1.39471027187):0.132584123769,r0:1);","[(['r4'], ['r2'], 0.5, {}, '0.0427')]",['r4'],['r2'],0.5,0.544919744539163,0.0427,"(['r4'], ['r2'], 0.544919744539163, {'stroke': array((0.22127059, 0.50069804, 0.72571765, 1.),
      dtype=[('r', '<f8'), ('g', '<f8'), ('b', '<f8'), ('a', '<f8')]), 'stroke-opacity': 0.0854, 'stroke-width': 2})"
30,snaq-true-ne-unlinked-imb-95-snaq-p548876.snaq.net-1.networks,"((r2:1,(r3:1,(r4:1,(r5:1,(r6:1,r7:2):0.154913573507):0.00765808713692):0.00694944419073):0.145410109646):0.160264774272,r0:1,r1:1.01783215494);","[(['r7'], ['r1'], 0.5, {}, '0.0484')]",['r7'],['r1'],0.5,0.6501031311317925,0.0484,"(['r7'], ['r1'], 0.6501031311317925, {'stroke': array((0.2016, 0.52618039, 0.73778824, 1.),
      dtype=[('r', '<f8'), ('g', '<f8'), ('b', '<f8'), ('a', '<f8')]), 'stroke-opacity': 0.0968, 'stroke-width': 2})"
31,snaq-true-ne-unlinked-imb-14-snaq-p548876.snaq.net-1.networks,"(r1:1,((r4:1,(r5:1,(r3:1,(r6:1,r7:1.17980319809):0.143470713184):0.00540122894866):0.00488541314513):0.150103789954,r2:2):0.168330544215,r0:1);","[(['r2'], ['r7'], 0.5, {}, '0.0327')]",['r2'],['r7'],0.5,0.4318650785447856,0.0327,"(['r2'], ['r7'], 0.4318650785447856, {'stroke': array((0.25578039, 0.45599216, 0.70454118, 1.),
      dtype=[('r', '<f8'), ('g', '<f8'), ('b', '<f8'), ('a', '<f8')]), 'stroke-opacity': 0.0654, 'stroke-width': 2})"
32,snaq-true-ne-unlinked-imb-51-snaq-p548876.snaq.net-1.networks,"((r1:1,r0:3.12779452259):0.194811329015,r2:1,((r5:1,r3:1):0.00610405817375,(r4:1,(r6:1,r7:1):0.137212238572):0.00814506872554):0.154416732771);","[(['r5', 'r3', 'r4', 'r6', 'r7'], ['r0'], 0.5, {}, '0.0204')]","['r5', 'r3', 'r4', 'r6', 'r7']",['r0'],0.5,0.6658658958957301,0.0204,"(['r5', 'r3', 'r4', 'r6', 'r7'], ['r0'], 0.6658658958957301, {'stroke': array((0.29822745, 0.40100392, 0.67849412, 1.),
      dtype=[('r', '<f8'), ('g', '<f8'), ('b', '<f8'), ('a', '<f8')]), 'stroke-opacity': 0.0408, 'stroke-width': 2})"
33,snaq-true-ne-unlinked-imb-13-snaq-p548876.snaq.net-1.networks,"(r1:1,(r2:1,((r4:1,r5:2):0.0107544207061,(r3:1,(r6:1,r7:1.10324968623):0.160804385887):0.0059856381165):0.141538069827):0.146655255686,r0:1);","[(['r5'], ['r7'], 0.5, {}, '0.0919')]",['r5'],['r7'],0.5,0.593633962294318,0.0919,"(['r5'], ['r7'], 0.593633962294318, {'stroke': array((0.36696471, 0.72393725, 0.66230588, 1.),
      dtype=[('r', '<f8'), ('g', '<f8'), ('b', '<f8'), ('a', '<f8')]), 'stroke-opacity': 0.1838, 'stroke-width': 2})"
34,snaq-true-ne-unlinked-imb-80-snaq-p548876.snaq.net-1.networks,"((r2:1,(r1:1,r0:1):0.135256967838):0.142928065975,(((r6:1,r7:1):0.126173432788,r5:1.0433694827):0.0309973499892,r4:2):0,r3:1);","[(['r4'], ['r5'], 0.5, {}, '0.4')]",['r4'],['r5'],0.5,0.8658316374778757,0.4,"(['r4'], ['r5'], 0.8658316374778757, {'stroke': array((0.95686275, 0.42745098, 0.2627451, 1.),
      dtype=[('r', '<f8'), ('g', '<f8'), ('b', '<f8'), ('a', '<f8')]), 'stroke-opacity': 0.8, 'stroke-width': 2})"
35,snaq-true-ne-unlinked-imb-11-snaq-p548876.snaq.net-1.networks,"((r2:1,(r3:1,((r6:1,r7:1):0.136018079715,(r5:1,r4:1.20438048689):0.000119999210568):0.00293176653422):0.157983848323):0.186307686563,r0:1,r1:2);","[(['r1'], ['r4'], 0.5, {}, '0.0807')]",['r1'],['r4'],0.5,0.06929429139670396,0.0807,"(['r1'], ['r4'], 0.06929429139670396, {'stroke': array((0.32128627, 0.67298824, 0.68338824, 1.),
      dtype=[('r', '<f8'), ('g', '<f8'), ('b', '<f8'), ('a', '<f8')]), 'stroke-opacity': 0.1614, 'stroke-width': 2})"
36,snaq-true-ne-unlinked-imb-4-snaq-p548876.snaq.net-1.networks,"((r4:1,((r6:1,r7:1):0.139402812244,r5:1.02148276154):0.0154835405696):0.0136419868532,r3:1,(r2:1,(r0:1,r1:1):0.150569370802):1.07346250883);","[(['r2', 'r0', 'r1'], ['r5'], 0.5, {}, '0.373')]","['r2', 'r0', 'r1']",['r5'],0.5,0.8544448512330517,0.373,"(['r2', 'r0', 'r1'], ['r5'], 0.8544448512330517, {'stroke': array((0.97592157, 0.56509804, 0.32627451, 1.),
      dtype=[('r', '<f8'), ('g', '<f8'), ('b', '<f8'), ('a', '<f8')]), 'stroke-opacity': 0.746, 'stroke-width': 2})"
37,snaq-true-ne-unlinked-imb-9-snaq-p548876.snaq.net-1.networks,"((r2:1,((r4:1,(r5:1,(r6:1,r7:1):0.142940501349):0.00540636810499):0.0108816446369,r3:1.06432924885):0.140079574864):0.163436335453,r0:1,r1:2);","[(['r1'], ['r3'], 0.5, {}, '0.0754')]",['r1'],['r3'],0.5,0.8628416248347031,0.0754,"(['r1'], ['r3'], 0.8628416248347031, {'stroke': array((0.29967059, 0.64887843, 0.69336471, 1.),
      dtype=[('r', '<f8'), ('g', '<f8'), ('b', '<f8'), ('a', '<f8')]), 'stroke-opacity': 0.1508, 'stroke-width': 2})"
38,snaq-true-ne-unlinked-imb-35-snaq-p548876.snaq.net-1.networks,"(r1:1,(r2:1,((r4:1,(r5:1,(r7:1,r6:1.28446769695):0.146238902177):0.0112999185965):0.010973028728,r3:2):0.139051021673):0.159914454045,r0:1);","[(['r3'], ['r6'], 0.5, {}, '0.0597')]",['r3'],['r6'],0.5,0.3210632032755021,0.0597,"(['r3'], ['r6'], 0.3210632032755021, {'stroke': array((0.23563922, 0.57745882, 0.72291765, 1.),
      dtype=[('r', '<f8'), ('g', '<f8'), ('b', '<f8'), ('a', '<f8')]), 'stroke-opacity': 0.1194, 'stroke-width': 2})"
39,snaq-true-ne-unlinked-imb-47-snaq-p548876.snaq.net-1.networks,"(r1:1,((r3:1,(r4:1,(r5:1,(r7:1,r6:1.05819863108):0.147841749809):0.00831404291805):0.00152415204649):0.157056025556,r2:2):0.117585609197,r0:1);","[(['r2'], ['r6'], 0.5, {}, '0.0584')]",['r2'],['r6'],0.5,0.7546357896824385,0.0584,"(['r2'], ['r6'], 0.7546357896824385, {'stroke': array((0.23033725, 0.5715451, 0.72536471, 1.),
      dtype=[('r', '<f8'), ('g', '<f8'), ('b', '<f8'), ('a', '<f8')]), 'stroke-opacity': 0.1168, 'stroke-width': 2})"
40,snaq-true-ne-unlinked-imb-20-snaq-p548876.snaq.net-1.networks,"((r2:1,((r4:1,(r5:1,(r6:1,r7:1):0.131705968423):0.00766381314248):0.00549391684102,r3:1.09992216781):0.151107540058):0.192391740106,r1:1,r0:2);","[(['r0'], ['r3'], 0.5, {}, '0.114')]",['r0'],['r3'],0.5,0.6831904189065944,0.114,"(['r0'], ['r3'], 0.6831904189065944, {'stroke': array((0.47576471, 0.79043137, 0.64596078, 1.),
      dtype=[('r', '<f8'), ('g', '<f8'), ('b', '<f8'), ('a', '<f8')]), 'stroke-opacity': 0.228, 'stroke-width': 2})"
41,snaq-true-ne-unlinked-imb-54-snaq-p548876.snaq.net-1.networks,"((r1:1,r0:2):0.185449375316,(r3:1,(r4:1,(r5:1,(r7:1,r6:1.14994836421):0.153723690338):0.0113985216283):0.0111127654326):0.138730498317,r2:1);","[(['r0'], ['r6'], 0.5, {}, '0.0562')]",['r0'],['r6'],0.5,0.04785956894943355,0.0562,"(['r0'], ['r6'], 0.04785956894943355, {'stroke': array((0.22136471, 0.56153725, 0.72950588, 1.),
      dtype=[('r', '<f8'), ('g', '<f8'), ('b', '<f8'), ('a', '<f8')]), 'stroke-opacity': 0.1124, 'stroke-width': 2})"
42,snaq-true-ne-unlinked-imb-22-snaq-p548876.snaq.net-1.networks,"((r2:1,((r5:1,(r4:1,(r6:1,r7:1):0.140766778858):0.00543380563982):0.0112266943808,r3:1.02611286892):0.16204073515):0.177286142687,r1:1,r0:2);","[(['r0'], ['r3'], 0.5, {}, '0.133')]",['r0'],['r3'],0.5,0.19264536386016373,0.133,"(['r0'], ['r3'], 0.19264536386016373, {'stroke': array((0.57858824, 0.83066667, 0.64447059, 1.),
      dtype=[('r', '<f8'), ('g', '<f8'), ('b', '<f8'), ('a', '<f8')]), 'stroke-opacity': 0.266, 'stroke-width': 2})"
43,snaq-true-ne-unlinked-imb-12-snaq-p548876.snaq.net-1.networks,"((r3:1,((r6:1,r7:1):0.14669506569,(r5:1,r4:8.43881315):0.00749553087731):0.00351286756585):0.143033736346,r2:1,(r1:1,r0:1):0.172895035121);","[(['r1', 'r0'], ['r4'], 0.5, {}, '0.0126')]","['r1', 'r0']",['r4'],0.5,0.8581518780457312,0.0126,"(['r1', 'r0'], ['r4'], 0.8581518780457312, {'stroke': array((0.3251451, 0.36613333, 0.66197647, 1.),
      dtype=[('r', '<f8'), ('g', '<f8'), ('b', '<f8'), ('a', '<f8')]), 'stroke-opacity': 0.0252, 'stroke-width': 2})"
44,snaq-true-ne-unlinked-imb-88-snaq-p548876.snaq.net-1.networks,"(r1:1,(r2:1,(((r5:1,r4:1):0,(r7:1,r6:1.54637683693):0.143103163614):0.0110732336848,r3:2):0.137410553479):0.151920377345,r0:1);","[(['r3'], ['r6'], 0.5, {}, '0.025')]",['r3'],['r6'],0.5,0.828229410393259,0.025,"(['r3'], ['r6'], 0.828229410393259, {'stroke': array((0.28235294, 0.42156863, 0.68823529, 1.),
      dtype=[('r', '<f8'), ('g', '<f8'), ('b', '<f8'), ('a', '<f8')]), 'stroke-opacity': 0.05, 'stroke-width': 2})"
45,snaq-true-ne-unlinked-imb-87-snaq-p548876.snaq.net-1.networks,"(r1:1,((r5:1,((r4:1,r3:2):0.00690206736371,(r6:1,r7:1):0.138632750826):0.0057924235421):0.150742635017,r2:1.21855929229):0.125606385784,r0:1);","[(['r3'], ['r2'], 0.5, {}, '0.0677')]",['r3'],['r2'],0.5,0.5115355665605168,0.0677,"(['r3'], ['r2'], 0.5115355665605168, {'stroke': array((0.26826667, 0.61385098, 0.70785882, 1.),
      dtype=[('r', '<f8'), ('g', '<f8'), ('b', '<f8'), ('a', '<f8')]), 'stroke-opacity': 0.1354, 'stroke-width': 2})"
46,snaq-true-ne-unlinked-imb-43-snaq-p548876.snaq.net-1.networks,"(r1:1,(r2:1,(r3:1,(((r6:1,r7:1):0.140285091763,r5:1.2557523032):0.0145015201012,r4:2):0.00486928238057):0.141158508584):0.161926888142,r0:1);","[(['r4'], ['r5'], 0.5, {}, '0.0538')]",['r4'],['r5'],0.5,0.3912214799220226,0.0538,"(['r4'], ['r5'], 0.3912214799220226, {'stroke': array((0.21157647, 0.55061961, 0.73402353, 1.),
      dtype=[('r', '<f8'), ('g', '<f8'), ('b', '<f8'), ('a', '<f8')]), 'stroke-opacity': 0.1076, 'stroke-width': 2})"
47,snaq-true-ne-unlinked-imb-63-snaq-p548876.snaq.net-1.networks,"((r2:1,(r3:1,(r5:1,((r6:1,r7:1):0.120633439038,r4:1.05037347168):0.00505836687858):0.0115444872438):0.158294048064):0.173482915071,r1:1,r0:2);","[(['r0'], ['r4'], 0.5, {}, '0.082')]",['r0'],['r4'],0.5,0.2775334954203915,0.082,"(['r0'], ['r4'], 0.2775334954203915, {'stroke': array((0.32658824, 0.67890196, 0.68094118, 1.),
      dtype=[('r', '<f8'), ('g', '<f8'), ('b', '<f8'), ('a', '<f8')]), 'stroke-opacity': 0.164, 'stroke-width': 2})"
48,snaq-true-ne-unlinked-imb-55-snaq-p548876.snaq.net-1.networks,"((r2:1,(r3:1,((r5:1,(r6:1,r7:1):0.127729141852):0.00614946458503,r4:1.31577175107):0.0287272512997):0.150269172879):0.153361000484,r0:1,r1:2);","[(['r1'], ['r4'], 0.5, {}, '0.0337')]",['r1'],['r4'],0.5,0.6088601125136827,0.0337,"(['r1'], ['r4'], 0.6088601125136827, {'stroke': array((0.25232941, 0.46046275, 0.70665882, 1.),
      dtype=[('r', '<f8'), ('g', '<f8'), ('b', '<f8'), ('a', '<f8')]), 'stroke-opacity': 0.0674, 'stroke-width': 2})"
49,snaq-true-ne-unlinked-imb-23-snaq-p548876.snaq.net-1.networks,"(r1:1,(r2:1,(((r6:1,r7:1):0.130106651139,r5:1.07827233931):0.0337600178746,(r3:1,r4:1):0):0.130669911024):0.151128262276,r0:1);","[(['r3', 'r4'], ['r5'], 0.5, {}, '0.235')]","['r3', 'r4']",['r5'],0.5,0.9111310745881613,0.235,"(['r3', 'r4'], ['r5'], 0.9111310745881613, {'stroke': array((0.97058824, 0.98823529, 0.70313725, 1.),
      dtype=[('r', '<f8'), ('g', '<f8'), ('b', '<f8'), ('a', '<f8')]), 'stroke-opacity': 0.47, 'stroke-width': 2})"
50,snaq-true-ne-unlinked-imb-65-snaq-p548876.snaq.net-1.networks,"((r4:1,(r7:1,r6:1.24460053821):0.163081580397):0.00628981419286,r3:1,(r5:1,(r2:1,(r0:1,r1:1):0.144404860862):0.154059703305):0);","[(['r5', 'r2', 'r0', 'r1'], ['r6'], 0.5, {}, '0.0322')]","['r5', 'r2', 'r0', 'r1']",['r6'],0.5,0.5834089740925607,0.0322,"(['r5', 'r2', 'r0', 'r1'], ['r6'], 0.5834089740925607, {'stroke': array((0.25750588, 0.45375686, 0.70348235, 1.),
      dtype=[('r', '<f8'), ('g', '<f8'), ('b', '<f8'), ('a', '<f8')]), 'stroke-opacity': 0.0644, 'stroke-width': 2})"
51,snaq-true-ne-unlinked-imb-27-snaq-p548876.snaq.net-1.networks,"((r2:1,(r3:1,((r5:1,r4:1):0.00765154386382,(r6:1,r7:1):0.138984234218):0.0156992356124):0.147740739077):0.150743479655,r0:1,r1:3.07925377193);","[(['r5', 'r4', 'r6', 'r7'], ['r1'], 0.5, {}, '0.0127')]","['r5', 'r4', 'r6', 'r7']",['r1'],0.5,0.8895799096808368,0.0127,"(['r5', 'r4', 'r6', 'r7'], ['r1'], 0.8895799096808368, {'stroke': array((0.3248, 0.36658039, 0.66218824, 1.),
      dtype=[('r', '<f8'), ('g', '<f8'), ('b', '<f8'), ('a', '<f8')]), 'stroke-opacity': 0.0254, 'stroke-width': 2})"
52,snaq-true-ne-unlinked-imb-69-snaq-p548876.snaq.net-1.networks,"((r2:1,(r3:1,(r4:1,(r5:1,(r6:1,r7:10.0570465627):0.138725256584):0.00492954253535):0.0123727057278):0.147109457568):0.154622774275,r0:1,r1:2);","[(['r1'], ['r7'], 0.5, {}, '0.014')]",['r1'],['r7'],0.5,0.21838789490345356,0.014,"(['r1'], ['r7'], 0.21838789490345356, {'stroke': array((0.32031373, 0.37239216, 0.66494118, 1.),
      dtype=[('r', '<f8'), ('g', '<f8'), ('b', '<f8'), ('a', '<f8')]), 'stroke-opacity': 0.028, 'stroke-width': 2})"
53,snaq-true-ne-unlinked-imb-8-snaq-p548876.snaq.net-1.networks,"((r2:1,((r4:1,(r5:1,(r6:1,r7:1):0.13752779549):0.00621243769297):0.00780336417182,r3:1.09025313993):0.140983242837):0.188117250137,r1:1,r0:2);","[(['r0'], ['r3'], 0.5, {}, '0.0733')]",['r0'],['r3'],0.5,0.2916630998450104,0.0733,"(['r0'], ['r3'], 0.2916630998450104, {'stroke': array((0.29110588, 0.63932549, 0.69731765, 1.),
      dtype=[('r', '<f8'), ('g', '<f8'), ('b', '<f8'), ('a', '<f8')]), 'stroke-opacity': 0.1466, 'stroke-width': 2})"
54,snaq-true-ne-unlinked-imb-25-snaq-p548876.snaq.net-1.networks,"((r3:1,(r2:1,(r1:1,r0:1.25180008908):0.158806058678):0.139835148339):0.0191978140081,r4:1,(r5:1,(r6:1,r7:1):0.143827772503):0.0116387310461);","[(['r5', 'r6', 'r7'], ['r0'], 0.5, {}, '0.0393')]","['r5', 'r6', 'r7']",['r0'],0.5,0.19172952054516812,0.0393,"(['r5', 'r6', 'r7'], ['r0'], 0.19172952054516812, {'stroke': array((0.23300392, 0.48549804, 0.71851765, 1.),
      dtype=[('r', '<f8'), ('g', '<f8'), ('b', '<f8'), ('a', '<f8')]), 'stroke-opacity': 0.0786, 'stroke-width': 2})"
55,snaq-true-ne-unlinked-imb-71-snaq-p548876.snaq.net-1.networks,"(((r3:1,(r6:1,r7:1):0.153754836805):0.00292624425173,(r5:1,r4:7.82624482572):0.00567859635713):0.139018166941,r2:1,(r0:1,r1:1):0.162685569462);","[(['r0', 'r1'], ['r4'], 0.5, {}, '0.00808')]","['r0', 'r1']",['r4'],0.5,0.24726920257064344,0.00808,"(['r0', 'r1'], ['r4'], 0.24726920257064344, {'stroke': array((0.34074353, 0.34592627, 0.65240471, 1.),
      dtype=[('r', '<f8'), ('g', '<f8'), ('b', '<f8'), ('a', '<f8')]), 'stroke-opacity': 0.01616, 'stroke-width': 2})"
56,snaq-true-ne-unlinked-imb-60-snaq-p548876.snaq.net-1.networks,"((r2:1,(r3:1,((r6:1,r7:1):0.131634982518,(r5:1,r4:1):0.0111391236649):0.0207852333998):0.150342804189):0.159591050377,r0:1,r1:1.09820536398);","[(['r5', 'r4'], ['r1'], 0.5, {}, '0.0627')]","['r5', 'r4']",['r1'],0.5,0.42325961459392336,0.0627,"(['r5', 'r4'], ['r1'], 0.42325961459392336, {'stroke': array((0.24787451, 0.59110588, 0.71727059, 1.),
      dtype=[('r', '<f8'), ('g', '<f8'), ('b', '<f8'), ('a', '<f8')]), 'stroke-opacity': 0.1254, 'stroke-width': 2})"
57,snaq-true-ne-unlinked-imb-6-snaq-p548876.snaq.net-1.networks,"(r7:1,((r2:1,(r0:1,r1:1):0.145024386745):0.143759871173,(r5:1,(r3:1,r4:3.17173094903):0.0118607932356):0.00242778224823):0.148718285395,r6:1);","[(['r0', 'r1'], ['r4'], 0.5, {}, '0.00929')]","['r0', 'r1']",['r4'],0.5,0.15743474134973612,0.00929,"(['r0', 'r1'], ['r4'], 0.15743474134973612, {'stroke': array((0.33656784, 0.35133569, 0.65496706, 1.),
      dtype=[('r', '<f8'), ('g', '<f8'), ('b', '<f8'), ('a', '<f8')]), 'stroke-opacity': 0.01858, 'stroke-width': 2})"
59,snaq-true-ne-unlinked-imb-91-snaq-p548876.snaq.net-1.networks,"((r2:1,((r6:1,r7:1):0.138362383385,(r3:1,(r5:1,r4:1.05586628947):0.0143935574861):0.0027872560608):0.145273608204):0.186134693764,r0:1,r1:2);","[(['r1'], ['r4'], 0.5, {}, '0.069')]",['r1'],['r4'],0.5,0.8360791818703429,0.069,"(['r1'], ['r4'], 0.8360791818703429, {'stroke': array((0.27356863, 0.61976471, 0.70541176, 1.),
      dtype=[('r', '<f8'), ('g', '<f8'), ('b', '<f8'), ('a', '<f8')]), 'stroke-opacity': 0.138, 'stroke-width': 2})"
60,snaq-true-ne-unlinked-imb-61-snaq-p548876.snaq.net-1.networks,"((r2:1,(r3:1,((r6:1,r7:1):0.136075045867,(r5:1,r4:1.29080708566):0.00577472499362):0.0072787006649):0.151823593945):0.142459449051,r0:1,r1:2);","[(['r1'], ['r4'], 0.5, {}, '0.0405')]",['r1'],['r4'],0.5,0.2667138985399782,0.0405,"(['r1'], ['r4'], 0.2667138985399782, {'stroke': array((0.22886275, 0.49086275, 0.72105882, 1.),
      dtype=[('r', '<f8'), ('g', '<f8'), ('b', '<f8'), ('a', '<f8')]), 'stroke-opacity': 0.081, 'stroke-width': 2})"
61,snaq-true-ne-unlinked-imb-17-snaq-p548876.snaq.net-1.networks,"((r1:1,r0:2):0.161155379961,(r3:1,(r4:1,((r6:1,r7:1):0.143899084087,r5:6.11671253181):0.00957011398487):0.00755574179184):0.141827372947,r2:1);","[(['r0'], ['r5'], 0.5, {}, '0.0126')]",['r0'],['r5'],0.5,0.989372502741203,0.0126,"(['r0'], ['r5'], 0.989372502741203, {'stroke': array((0.3251451, 0.36613333, 0.66197647, 1.),
      dtype=[('r', '<f8'), ('g', '<f8'), ('b', '<f8'), ('a', '<f8')]), 'stroke-opacity': 0.0252, 'stroke-width': 2})"
62,snaq-true-ne-unlinked-imb-92-snaq-p548876.snaq.net-1.networks,"((r2:1,(r3:1,((r6:1,r7:1):0.149395977516,(r5:1,r4:8.76623032452):0.0012566645908):0.00607394879483):0.153734447949):0.151687237033,r1:1,r0:2);","[(['r0'], ['r4'], 0.5, {}, '0.0201')]",['r0'],['r4'],0.5,0.3218659139515594,0.0201,"(['r0'], ['r4'], 0.3218659139515594, {'stroke': array((0.29926275, 0.39966275, 0.67785882, 1.),
      dtype=[('r', '<f8'), ('g', '<f8'), ('b', '<f8'), ('a', '<f8')]), 'stroke-opacity': 0.0402, 'stroke-width': 2})"
63,snaq-true-ne-unlinked-imb-86-snaq-p548876.snaq.net-1.networks,"((r2:1,(r3:1,(r4:1,(r5:1,(r6:1,r7:1):0.148940882688):0.0178475932288):0.00157591273381):0.152253387791):0.167261580421,r1:1,r0:1.90688864775);","[(['r4', 'r5', 'r6', 'r7'], ['r0'], 0.5, {}, '0.0211')]","['r4', 'r5', 'r6', 'r7']",['r0'],0.5,0.15972426544065232,0.0211,"(['r4', 'r5', 'r6', 'r7'], ['r0'], 0.15972426544065232, {'stroke': array((0.29581176, 0.40413333, 0.67997647, 1.),
      dtype=[('r', '<f8'), ('g', '<f8'), ('b', '<f8'), ('a', '<f8')]), 'stroke-opacity': 0.0422, 'stroke-width': 2})"
64,snaq-true-ne-unlinked-imb-56-snaq-p548876.snaq.net-1.networks,"((r2:1,(r5:1,(r3:1,(r4:1,(r6:1,r7:1):0.138774980183):0.00401919403548):0.00669277875257):0.166982069222):0.195760306312,r1:1,r0:2);","[(['r0'], ['r6', 'r7'], 0.5, {}, '0.144')]",['r0'],"['r6', 'r7']",0.5,0.2924119717030592,0.144,"(['r0'], ['r6', 'r7'], 0.2924119717030592, {'stroke': array((0.63811765, 0.85396078, 0.64360784, 1.),
      dtype=[('r', '<f8'), ('g', '<f8'), ('b', '<f8'), ('a', '<f8')]), 'stroke-opacity': 0.288, 'stroke-width': 2})"
65,snaq-true-ne-unlinked-imb-66-snaq-p548876.snaq.net-1.networks,"(r4:1,((r3:1,(r2:1,(r1:1,r0:2):0.179611074315):0.141525901685):0.0140070715912,(r7:1,r6:1):0.144907287092):0.00348194333823,r5:1);","[(['r0'], ['r7', 'r6'], 0.5, {}, '0.0867')]",['r0'],"['r7', 'r6']",0.5,0.7793825339353222,0.0867,"(['r0'], ['r7', 'r6'], 0.7793825339353222, {'stroke': array((0.34575686, 0.70028235, 0.67209412, 1.),
      dtype=[('r', '<f8'), ('g', '<f8'), ('b', '<f8'), ('a', '<f8')]), 'stroke-opacity': 0.1734, 'stroke-width': 2})"
66,snaq-true-ne-unlinked-imb-62-snaq-p548876.snaq.net-1.networks,"((r1:1,r0:1.40237515375):0.148643131334,(r3:1,(r4:1,(r5:1,(r6:1,r7:1):0.138940047587):0.0128910576151):0.020649824785):0.152232617788,r2:1);","[(['r4', 'r5', 'r6', 'r7'], ['r0'], 0.5, {}, '0.0348')]","['r4', 'r5', 'r6', 'r7']",['r0'],0.5,0.7233669757848795,0.0348,"(['r4', 'r5', 'r6', 'r7'], ['r0'], 0.7233669757848795, {'stroke': array((0.24853333, 0.46538039, 0.70898824, 1.),
      dtype=[('r', '<f8'), ('g', '<f8'), ('b', '<f8'), ('a', '<f8')]), 'stroke-opacity': 0.0696, 'stroke-width': 2})"
67,snaq-true-ne-unlinked-imb-90-snaq-p548876.snaq.net-1.networks,"((r2:1,(r3:1,((r6:1,r7:1):0.136609724022,(r5:1,r4:1):0.0104994690137):0.0208536401918):0.135690292707):0.155331044902,r1:1,r0:1.19300155824);","[(['r5', 'r4'], ['r0'], 0.5, {}, '0.0273')]","['r5', 'r4']",['r0'],0.5,0.8844905332615116,0.0273,"(['r5', 'r4'], ['r0'], 0.8844905332615116, {'stroke': array((0.27441569, 0.43185098, 0.69310588, 1.),
      dtype=[('r', '<f8'), ('g', '<f8'), ('b', '<f8'), ('a', '<f8')]), 'stroke-opacity': 0.0546, 'stroke-width': 2})"
68,snaq-true-ne-unlinked-imb-7-snaq-p548876.snaq.net-1.networks,"(r5:1,((r6:1,r7:1):0.159230385289,(r3:1,(r2:1,(r0:1,r1:1):0.13727536477):0.150662651404):0.0103371286401):0.00984757238825,r4:1);","[(['r2', 'r0', 'r1'], ['r7'], 0.5, {}, '0.0289')]","['r2', 'r0', 'r1']",['r7'],0.5,0.06809091702538328,0.0289,"(['r2', 'r0', 'r1'], ['r7'], 0.06809091702538328, {'stroke': array((0.26889412, 0.43900392, 0.69649412, 1.),
      dtype=[('r', '<f8'), ('g', '<f8'), ('b', '<f8'), ('a', '<f8')]), 'stroke-opacity': 0.0578, 'stroke-width': 2})"
69,snaq-true-ne-unlinked-imb-30-snaq-p548876.snaq.net-1.networks,"((r2:1,(r3:1,((r6:1,r7:1):0.136758362212,(r5:1,r4:2):0.0127505242314):0.0128264895138):0.139799492785):0.143099025895,r0:1,r1:2.19061309778);","[(['r4'], ['r1'], 0.5, {}, '0.0262')]",['r4'],['r1'],0.5,0.17440181929802534,0.0262,"(['r4'], ['r1'], 0.17440181929802534, {'stroke': array((0.27821176, 0.42693333, 0.69077647, 1.),
      dtype=[('r', '<f8'), ('g', '<f8'), ('b', '<f8'), ('a', '<f8')]), 'stroke-opacity': 0.0524, 'stroke-width': 2})"
70,snaq-true-ne-unlinked-imb-75-snaq-p548876.snaq.net-1.networks,"((r0:1,r1:2):0.223153585217,((r4:1,(r5:1,(r6:1,r7:1):0.139630668046):0.00296147528505):0.0125544883193,r3:1.08381011979):0.140469377797,r2:1);","[(['r1'], ['r3'], 0.5, {}, '0.147')]",['r1'],['r3'],0.5,0.5918113708162301,0.147,"(['r1'], ['r3'], 0.5918113708162301, {'stroke': array((0.65435294, 0.86031373, 0.64337255, 1.),
      dtype=[('r', '<f8'), ('g', '<f8'), ('b', '<f8'), ('a', '<f8')]), 'stroke-opacity': 0.294, 'stroke-width': 2})"
71,snaq-true-ne-unlinked-imb-34-snaq-p548876.snaq.net-1.networks,"(r1:1,(r2:1,((r3:1,(r5:1,(r6:1,r7:1.07661854699):0.142241792356):0.016049461319):0.013022258807,r4:2):0.116691799044):0.122820200422,r0:1);","[(['r4'], ['r7'], 0.5, {}, '0.103')]",['r4'],['r7'],0.5,0.7790324719798977,0.103,"(['r4'], ['r7'], 0.7790324719798977, {'stroke': array((0.41623529, 0.76713725, 0.64682353, 1.),
      dtype=[('r', '<f8'), ('g', '<f8'), ('b', '<f8'), ('a', '<f8')]), 'stroke-opacity': 0.206, 'stroke-width': 2})"
72,snaq-true-ne-unlinked-imb-93-snaq-p548876.snaq.net-1.networks,"(r1:1,((r4:1,((r5:1,(r6:1,r7:1):0.138632792919):0.00481023331256,r3:9.56957980674):0.00631034325681):0.147929372356,r2:2):0.164326041983,r0:1);","[(['r2'], ['r3'], 0.5, {}, '0.0161')]",['r2'],['r3'],0.5,0.7683800028437737,0.0161,"(['r2'], ['r3'], 0.7683800028437737, {'stroke': array((0.31306667, 0.38178039, 0.66938824, 1.),
      dtype=[('r', '<f8'), ('g', '<f8'), ('b', '<f8'), ('a', '<f8')]), 'stroke-opacity': 0.0322, 'stroke-width': 2})"
73,snaq-true-ne-unlinked-imb-45-snaq-p548876.snaq.net-1.networks,"((r1:1,r0:2):0.172651370633,(r3:1,(r5:1,(r4:1,(r7:1,r6:1.05043000893):0.137218285288):0.00579102876767):0.0107065120346):0.152584619622,r2:1);","[(['r0'], ['r6'], 0.5, {}, '0.0646')]",['r0'],['r6'],0.5,0.2919468761150128,0.0646,"(['r0'], ['r6'], 0.2919468761150128, {'stroke': array((0.25562353, 0.59974902, 0.71369412, 1.),
      dtype=[('r', '<f8'), ('g', '<f8'), ('b', '<f8'), ('a', '<f8')]), 'stroke-opacity': 0.1292, 'stroke-width': 2})"
74,snaq-true-ne-unlinked-imb-99-snaq-p548876.snaq.net-1.networks,"(r7:1,((r4:1,(r3:1,(r2:1,(r1:1,r0:1.63874953736):0.150701315814):0.143472551404):0.0104190505037):0.00785384333515,r5:2):0.147194947337,r6:1);","[(['r5'], ['r0'], 0.5, {}, '0.0268')]",['r5'],['r0'],0.5,0.9025819662540487,0.0268,"(['r5'], ['r0'], 0.9025819662540487, {'stroke': array((0.27614118, 0.42961569, 0.69204706, 1.),
      dtype=[('r', '<f8'), ('g', '<f8'), ('b', '<f8'), ('a', '<f8')]), 'stroke-opacity': 0.0536, 'stroke-width': 2})"
75,snaq-true-ne-unlinked-imb-70-snaq-p548876.snaq.net-1.networks,"(r0:1,((r3:1,((r5:1,r4:1):0.00606728044573,(r7:1,r6:2):0.156961891845):0.0155978077051):0.147646995041,r2:2.09378963481):0.163247037855,r1:1);","[(['r6'], ['r2'], 0.5, {}, '0.0176')]",['r6'],['r2'],0.5,0.544420021359748,0.0176,"(['r6'], ['r2'], 0.544420021359748, {'stroke': array((0.3078902, 0.38848627, 0.67256471, 1.),
      dtype=[('r', '<f8'), ('g', '<f8'), ('b', '<f8'), ('a', '<f8')]), 'stroke-opacity': 0.0352, 'stroke-width': 2})"
76,snaq-true-ne-unlinked-imb-57-snaq-p548876.snaq.net-1.networks,"((r2:1,((r6:1,r7:1):0.13690670537,(r5:1,(r4:1,r3:1):0):0.0121131378818):0.154813141882):0.173018681572,r0:1,r1:1.0870322751);","[(['r4', 'r3'], ['r1'], 0.5, {}, '0.0448')]","['r4', 'r3']",['r1'],0.5,0.60638653778869,0.0448,"(['r4', 'r3'], ['r1'], 0.60638653778869, {'stroke': array((0.21402353, 0.51008627, 0.73016471, 1.),
      dtype=[('r', '<f8'), ('g', '<f8'), ('b', '<f8'), ('a', '<f8')]), 'stroke-opacity': 0.0896, 'stroke-width': 2})"
77,snaq-true-ne-unlinked-imb-2-snaq-p548876.snaq.net-1.networks,"(r1:1,((r3:1,(r5:1,(r4:1,(r7:1,r6:3.72268570384):0.14350281612):0.00512359300406):0.0118355899774):0.129423205287,r2:2):0.152967910251,r0:1);","[(['r2'], ['r6'], 0.5, {}, '0.0131')]",['r2'],['r6'],0.5,0.7944319287418595,0.0131,"(['r2'], ['r6'], 0.7944319287418595, {'stroke': array((0.32341961, 0.36836863, 0.66303529, 1.),
      dtype=[('r', '<f8'), ('g', '<f8'), ('b', '<f8'), ('a', '<f8')]), 'stroke-opacity': 0.0262, 'stroke-width': 2})"
78,snaq-true-ne-unlinked-imb-10-snaq-p548876.snaq.net-1.networks,"((r5:1,(r6:1,r7:1):0.156734217274):0.0157068824326,r4:1,(r3:1,(r2:1,(r0:1,r1:1):0.158326140003):0.132325797358):0);","[(['r3', 'r2', 'r0', 'r1'], ['r6', 'r7'], 0.5, {}, '0.138')]","['r3', 'r2', 'r0', 'r1']","['r6', 'r7']",0.5,0.06708455281651415,0.138,"(['r3', 'r2', 'r0', 'r1'], ['r6', 'r7'], 0.06708455281651415, {'stroke': array((0.60564706, 0.8412549, 0.64407843, 1.),
      dtype=[('r', '<f8'), ('g', '<f8'), ('b', '<f8'), ('a', '<f8')]), 'stroke-opacity': 0.276, 'stroke-width': 2})"
79,snaq-true-ne-unlinked-imb-84-snaq-p548876.snaq.net-1.networks,"((r2:1,((r5:1,(r6:1,r7:1):0.131675595328):0.00643056001263,(r4:1,r3:1.08918307949):0.0168140103797):0.146622710008):0.17676759345,r0:1,r1:2);","[(['r1'], ['r3'], 0.5, {}, '0.0834')]",['r1'],['r3'],0.5,0.9182893735801914,0.0834,"(['r1'], ['r3'], 0.9182893735801914, {'stroke': array((0.33229804, 0.68527059, 0.67830588, 1.),
      dtype=[('r', '<f8'), ('g', '<f8'), ('b', '<f8'), ('a', '<f8')]), 'stroke-opacity': 0.1668, 'stroke-width': 2})"
80,snaq-true-ne-unlinked-imb-79-snaq-p548876.snaq.net-1.networks,"((r5:1,(r7:1,r6:1.10552363793):0.156250334615):0.0162661303855,r4:1,(r3:1,(r2:1,(r0:1,r1:1):0.158155583776):0.140149414613):0.00714257568564);","[(['r3', 'r2', 'r0', 'r1'], ['r6'], 0.5, {}, '0.104')]","['r3', 'r2', 'r0', 'r1']",['r6'],0.5,0.9284222469755706,0.104,"(['r3', 'r2', 'r0', 'r1'], ['r6'], 0.9284222469755706, {'stroke': array((0.42164706, 0.7692549, 0.6467451, 1.),
      dtype=[('r', '<f8'), ('g', '<f8'), ('b', '<f8'), ('a', '<f8')]), 'stroke-opacity': 0.208, 'stroke-width': 2})"
81,snaq-true-ne-unlinked-imb-3-snaq-p548876.snaq.net-1.networks,"((r2:1,(r4:1,((r6:1,r7:1):0.149113877313,(r5:1,r3:1.13275784508):0.00522019921662):0.00316284453333):0.158189828963):0.180705433961,r1:1,r0:2);","[(['r0'], ['r3'], 0.5, {}, '0.0632')]",['r0'],['r3'],0.5,0.013604503006258706,0.0632,"(['r0'], ['r3'], 0.013604503006258706, {'stroke': array((0.24991373, 0.59338039, 0.71632941, 1.),
      dtype=[('r', '<f8'), ('g', '<f8'), ('b', '<f8'), ('a', '<f8')]), 'stroke-opacity': 0.1264, 'stroke-width': 2})"
82,snaq-true-ne-unlinked-imb-29-snaq-p548876.snaq.net-1.networks,"((r2:1,(r3:1,(r4:1,((r6:1,r7:1):0.139495007362,r5:2):0.00557751575689):0.0114005403055):0.146983507181):0.156842533443,r0:1,r1:1.6424174762);","[(['r5'], ['r1'], 0.5, {}, '0.0328')]",['r5'],['r1'],0.5,0.09228255697606713,0.0328,"(['r5'], ['r1'], 0.09228255697606713, {'stroke': array((0.25543529, 0.45643922, 0.70475294, 1.),
      dtype=[('r', '<f8'), ('g', '<f8'), ('b', '<f8'), ('a', '<f8')]), 'stroke-opacity': 0.0656, 'stroke-width': 2})"
83,snaq-true-ne-unlinked-imb-39-snaq-p548876.snaq.net-1.networks,"((r1:1,r0:2):0.175544629898,(r3:1,(r4:1,((r6:1,r7:1):0.143126717957,r5:1.5385275087):0.0058985827425):0.0145818498765):0.14045687611,r2:1);","[(['r0'], ['r5'], 0.5, {}, '0.0374')]",['r0'],['r5'],0.5,0.30120798357407197,0.0374,"(['r0'], ['r5'], 0.30120798357407197, {'stroke': array((0.23956078, 0.47700392, 0.71449412, 1.),
      dtype=[('r', '<f8'), ('g', '<f8'), ('b', '<f8'), ('a', '<f8')]), 'stroke-opacity': 0.0748, 'stroke-width': 2})"
84,snaq-true-ne-unlinked-imb-85-snaq-p548876.snaq.net-1.networks,"((r4:1,((r6:1,r7:1):0.143008199754,(r3:1,r5:2.47357958873):0):0.00991650003322):0.153520734272,r2:1,(r0:1,r1:1):0.151188031933);","[(['r0', 'r1'], ['r5'], 0.5, {}, '0.0135')]","['r0', 'r1']",['r5'],0.5,0.8245549418294301,0.0135,"(['r0', 'r1'], ['r5'], 0.8245549418294301, {'stroke': array((0.32203922, 0.37015686, 0.66388235, 1.),
      dtype=[('r', '<f8'), ('g', '<f8'), ('b', '<f8'), ('a', '<f8')]), 'stroke-opacity': 0.027, 'stroke-width': 2})"
85,snaq-true-ne-unlinked-imb-53-snaq-p548876.snaq.net-1.networks,"(r1:1,(r2:1,(r4:1,((r5:1,r3:1.0428762255):0.0144382954485,(r6:1,r7:1):0.13738715379):0.00933698808591):0.15091156691):0.151490386061,r0:1);","[(['r3'], ['r4', 'r5', 'r3', 'r6', 'r7'], 0.5, {}, '0.446')]",['r3'],"['r4', 'r5', 'r3', 'r6', 'r7']",0.5,0.7781960397836762,0.446,"(['r3'], ['r4', 'r5', 'r3', 'r6', 'r7'], 0.7781960397836762, {'stroke': array((0.84501961, 0.25788235, 0.30603922, 1.),
      dtype=[('r', '<f8'), ('g', '<f8'), ('b', '<f8'), ('a', '<f8')]), 'stroke-opacity': 0.892, 'stroke-width': 2})"
86,snaq-true-ne-unlinked-imb-64-snaq-p548876.snaq.net-1.networks,"(r1:1,(r2:1,((r3:1,(r7:1,r6:1):0.156668946834):0.00833967104056,(r4:1,r5:1.34988891364):0.0131881442458):0.134477806027):0.156802488441,r0:1);","[(['r7', 'r6'], ['r5'], 0.5, {}, '0.0359')]","['r7', 'r6']",['r5'],0.5,0.5181516958781139,0.0359,"(['r7', 'r6'], ['r5'], 0.5181516958781139, {'stroke': array((0.24473725, 0.47029804, 0.71131765, 1.),
      dtype=[('r', '<f8'), ('g', '<f8'), ('b', '<f8'), ('a', '<f8')]), 'stroke-opacity': 0.0718, 'stroke-width': 2})"
87,snaq-true-ne-unlinked-imb-49-snaq-p548876.snaq.net-1.networks,"(r1:1,((r3:1,(r4:1,((r6:1,r7:1):0.146574610066,r5:7.38981124582):0.00828230912568):0.0151612111262):0.134730937491,r2:2):0.14879691639,r0:1);","[(['r2'], ['r5'], 0.5, {}, '0.0132')]",['r2'],['r5'],0.5,0.9178229401350168,0.0132,"(['r2'], ['r5'], 0.9178229401350168, {'stroke': array((0.32307451, 0.36881569, 0.66324706, 1.),
      dtype=[('r', '<f8'), ('g', '<f8'), ('b', '<f8'), ('a', '<f8')]), 'stroke-opacity': 0.0264, 'stroke-width': 2})"
88,snaq-true-ne-unlinked-imb-21-snaq-p548876.snaq.net-1.networks,"((r1:1,r0:2):0.169566372867,(r3:1,((r5:1,(r7:1,r6:1):0.165528865849):0.00314028175211,r4:1.25597043096):0.00494435934818):0.146128692173,r2:1);","[(['r0'], ['r4'], 0.5, {}, '0.0457')]",['r0'],['r4'],0.5,0.5747541777260574,0.0457,"(['r0'], ['r4'], 0.5747541777260574, {'stroke': array((0.21091765, 0.5141098, 0.73207059, 1.),
      dtype=[('r', '<f8'), ('g', '<f8'), ('b', '<f8'), ('a', '<f8')]), 'stroke-opacity': 0.0914, 'stroke-width': 2})"
89,snaq-true-ne-unlinked-imb-42-snaq-p548876.snaq.net-1.networks,"((r1:1,r0:8.90873968647):0.140849519689,(r3:1,(r4:1,((r6:1,r7:1):0.146285472756,r5:2):0.00551475885904):0.0163814904304):0.13286258029,r2:1);","[(['r5'], ['r0'], 0.5, {}, '0.0111')]",['r5'],['r0'],0.5,0.7985905488008688,0.0111,"(['r5'], ['r0'], 0.7985905488008688, {'stroke': array((0.33032157, 0.35942745, 0.6588, 1.),
      dtype=[('r', '<f8'), ('g', '<f8'), ('b', '<f8'), ('a', '<f8')]), 'stroke-opacity': 0.0222, 'stroke-width': 2})"
90,snaq-true-ne-unlinked-imb-89-snaq-p548876.snaq.net-1.networks,"((r2:1,(r3:1,((r5:1,(r6:1,r7:1):0.1500917066):0,r4:2):0.00765388555387):0.141932403565):0.152285624084,r0:1,r1:2.00268352302);","[(['r4'], ['r1'], 0.5, {}, '0.0154')]",['r4'],['r1'],0.5,0.02095265703951099,0.0154,"(['r4'], ['r1'], 0.02095265703951099, {'stroke': array((0.31548235, 0.37865098, 0.66790588, 1.),
      dtype=[('r', '<f8'), ('g', '<f8'), ('b', '<f8'), ('a', '<f8')]), 'stroke-opacity': 0.0308, 'stroke-width': 2})"
91,snaq-true-ne-unlinked-imb-58-snaq-p548876.snaq.net-1.networks,"(r1:1,((r3:1,(r4:1,(r5:1,(r7:1,r6:1.16919144912):0.143438062611):0.00702373213561):0.0122120472746):0.148688868544,r2:2):0.127743697029,r0:1);","[(['r2'], ['r6'], 0.5, {}, '0.0418')]",['r2'],['r6'],0.5,0.00551645396022582,0.0418,"(['r2'], ['r6'], 0.00551645396022582, {'stroke': array((0.22437647, 0.49667451, 0.72381176, 1.),
      dtype=[('r', '<f8'), ('g', '<f8'), ('b', '<f8'), ('a', '<f8')]), 'stroke-opacity': 0.0836, 'stroke-width': 2})"
92,snaq-true-ne-unlinked-imb-76-snaq-p548876.snaq.net-1.networks,"(r1:1,(r2:1,((r4:1,((r6:1,r7:1):0.138251468476,r5:2):0.00830163400264):0.0178824701977,r3:1.0127800597):0.129447732942):0.159429730933,r0:1);","[(['r5'], ['r3'], 0.5, {}, '0.346')]",['r5'],['r3'],0.5,0.42557346320468914,0.346,"(['r5'], ['r3'], 0.42557346320468914, {'stroke': array((0.99247059, 0.69803922, 0.39356863, 1.),
      dtype=[('r', '<f8'), ('g', '<f8'), ('b', '<f8'), ('a', '<f8')]), 'stroke-opacity': 0.692, 'stroke-width': 2})"
93,snaq-true-ne-unlinked-imb-0-snaq-p548876.snaq.net-1.networks,"(r1:1,r0:1,(r2:1,(r3:1,(r4:1,(r5:1,(r6:1,r7:1):0.141236595432):0.0105184253258):0.0153738020591):0.146445981133):0.182403779335);","[(['r5', 'r6', 'r7'], ['r2', 'r3', 'r4', 'r5', 'r6', 'r7'], 0.5, {}, '0.0518')]","['r5', 'r6', 'r7']","['r2', 'r3', 'r4', 'r5', 'r6', 'r7']",0.5,0.208369300086781,0.0518,"(['r5', 'r6', 'r7'], ['r2', 'r3', 'r4', 'r5', 'r6', 'r7'], 0.208369300086781, {'stroke': array((0.20341961, 0.54152157, 0.73778824, 1.),
      dtype=[('r', '<f8'), ('g', '<f8'), ('b', '<f8'), ('a', '<f8')]), 'stroke-opacity': 0.1036, 'stroke-width': 2})"
94,snaq-true-ne-unlinked-imb-32-snaq-p548876.snaq.net-1.networks,"(r1:1,(r2:1,((r4:1,(r5:1,(r7:1,r6:1.28875781469):0.144995274466):0.00525048775185):0.0183639815289,r3:2):0.133141479361):0.113767697894,r0:1);","[(['r3'], ['r6'], 0.5, {}, '0.0412')]",['r3'],['r6'],0.5,0.32959332376956885,0.0412,"(['r3'], ['r6'], 0.32959332376956885, {'stroke': array((0.22644706, 0.49399216, 0.72254118, 1.),
      dtype=[('r', '<f8'), ('g', '<f8'), ('b', '<f8'), ('a', '<f8')]), 'stroke-opacity': 0.0824, 'stroke-width': 2})"
95,snaq-true-ne-unlinked-imb-52-snaq-p548876.snaq.net-1.networks,"(r1:1,(r2:1,((r4:1,(r5:1,(r7:1,r6:1.13477200366):0.159286713131):0.00787092965506):0.00893125930446,r3:2):0.143011495405):0.154139884845,r0:1);","[(['r3'], ['r6'], 0.5, {}, '0.031')]",['r3'],['r6'],0.5,0.8904004248525291,0.031,"(['r3'], ['r6'], 0.8904004248525291, {'stroke': array((0.26164706, 0.44839216, 0.70094118, 1.),
      dtype=[('r', '<f8'), ('g', '<f8'), ('b', '<f8'), ('a', '<f8')]), 'stroke-opacity': 0.062, 'stroke-width': 2})"
96,snaq-true-ne-unlinked-imb-77-snaq-p548876.snaq.net-1.networks,"((r2:1,(r3:1,((r6:1,r7:1):0.141444907975,(r5:1,r4:1.17396157943):0.00608078283024):0.0169157791106):0.151122917378):0.182104644609,r1:1,r0:2);","[(['r0'], ['r4'], 0.5, {}, '0.0837')]",['r0'],['r4'],0.5,0.4158353341304738,0.0837,"(['r0'], ['r4'], 0.4158353341304738, {'stroke': array((0.33352157, 0.68663529, 0.67774118, 1.),
      dtype=[('r', '<f8'), ('g', '<f8'), ('b', '<f8'), ('a', '<f8')]), 'stroke-opacity': 0.1674, 'stroke-width': 2})"
97,snaq-true-ne-unlinked-imb-19-snaq-p548876.snaq.net-1.networks,"(r1:1,(r2:1,((r3:1,((r6:1,r7:1):0.149743299451,r5:1.29079406902):0.00414051978892):0.00302743162026,r4:2):0.140985696328):0.159805058028,r0:1);","[(['r4'], ['r5'], 0.5, {}, '0.0764')]",['r4'],['r5'],0.5,0.23505727345036054,0.0764,"(['r4'], ['r5'], 0.23505727345036054, {'stroke': array((0.30374902, 0.65342745, 0.69148235, 1.),
      dtype=[('r', '<f8'), ('g', '<f8'), ('b', '<f8'), ('a', '<f8')]), 'stroke-opacity': 0.1528, 'stroke-width': 2})"
98,snaq-true-ne-unlinked-imb-78-snaq-p548876.snaq.net-1.networks,"((r2:1,((r5:1,r4:1):0.00805254213751,((r6:1,r7:1):0.150859162615,r3:10.1400317148):0.00634088292355):0.150024953952):0.157059099751,r0:1,r1:2);","[(['r1'], ['r3'], 0.5, {}, '0.0211')]",['r1'],['r3'],0.5,0.6221956053332556,0.0211,"(['r1'], ['r3'], 0.6221956053332556, {'stroke': array((0.29581176, 0.40413333, 0.67997647, 1.),
      dtype=[('r', '<f8'), ('g', '<f8'), ('b', '<f8'), ('a', '<f8')]), 'stroke-opacity': 0.0422, 'stroke-width': 2})"
99,snaq-true-ne-unlinked-imb-83-snaq-p548876.snaq.net-1.networks,"((r2:1,(r3:1,((r5:1,(r6:1,r7:1):0.148923218021):0.00278491352369,r4:7.25630984913):0.00934675723187):0.149983212075):0.152607342409,r1:1,r0:2);","[(['r0'], ['r4'], 0.5, {}, '0.0112')]",['r0'],['r4'],0.5,0.000996090230393265,0.0112,"(['r0'], ['r4'], 0.000996090230393265, {'stroke': array((0.32997647, 0.35987451, 0.65901176, 1.),
      dtype=[('r', '<f8'), ('g', '<f8'), ('b', '<f8'), ('a', '<f8')]), 'stroke-opacity': 0.0224, 'stroke-width': 2})"
